,themes,English1,English2,English3,Spanish1,Spanish2,Spanish3,French1,French2,French3
0,Love and Relationships,"Love is a beautiful and complex emotion that has the power to bring immense joy and fulfillment to our lives, but it also requires patience, understanding, and compromise to sustain a healthy and lasting relationship.","Relationships thrive when there is open and honest communication, mutual respect, and a willingness to support and uplift each other through both the highs and lows of life.","Love knows no boundaries and can be found in various forms, whether it's the love between romantic partners, the love between friends, or the love within a family. It is a universal language that has the ability to heal, inspire, and bring people together.","El amor es una emoción hermosa y compleja que tiene el poder de traer una inmensa alegría y plenitud a nuestras vidas, pero también requiere paciencia, comprensión y compromiso para mantener una relación saludable y duradera.","Las relaciones prosperan cuando hay una comunicación abierta y honesta, respeto mutuo y disposición para apoyarse y elevarse mutuamente tanto en los momentos buenos como en los malos de la vida.","El amor no conoce fronteras y puede encontrarse en diversas formas, ya sea el amor entre parejas románticas, el amor entre amigos o el amor dentro de una familia. Es un lenguaje universal que tiene la capacidad de sanar, inspirar y unir a las personas.","L'amour est une émotion belle et complexe qui a le pouvoir d'apporter une immense joie et épanouissement dans nos vies, mais il nécessite également de la patience, de la compréhension et des compromis pour entretenir une relation saine et durable.","Les relations s'épanouissent lorsque la communication est ouverte et honnête, qu'il y a un respect mutuel et une volonté de se soutenir et de s'élever mutuellement dans les hauts et les bas de la vie.","L'amour ne connaît pas de frontières et peut être trouvé sous différentes formes, que ce soit l'amour entre partenaires romantiques, l'amour entre amis ou l'amour au sein d'une famille. C'est un langage universel qui a le pouvoir de guérir, d'inspirer et de rassembler les gens."
1,Nature and the Environment,"The lush green forests are not only a sight to behold, but also serve as the lungs of our planet, providing us with clean air and regulating the climate.","The delicate balance of ecosystems is being disrupted by human activities such as deforestation and pollution, leading to the loss of biodiversity and threatening the survival of countless species.","It is our responsibility to protect and preserve nature for future generations, by adopting sustainable practices, reducing our carbon footprint, and promoting conservation efforts.","Los exuberantes bosques verdes no solo son un espectáculo para contemplar, sino que también sirven como los pulmones de nuestro planeta, proporcionándonos aire limpio y regulando el clima.","El delicado equilibrio de los ecosistemas está siendo perturbado por actividades humanas como la deforestación y la contaminación, lo que conduce a la pérdida de biodiversidad y amenaza la supervivencia de innumerables especies.","Es nuestra responsabilidad proteger y preservar la naturaleza para las futuras generaciones, adoptando prácticas sostenibles, reduciendo nuestra huella de carbono y promoviendo los esfuerzos de conservación.","Les forêts luxuriantes et verdoyantes ne sont pas seulement un spectacle à contempler, mais elles servent également de poumons à notre planète, nous fournissant de l'air pur et régulant le climat.","Le fragile équilibre des écosystèmes est perturbé par les activités humaines telles que la déforestation et la pollution, entraînant la perte de biodiversité et menaçant la survie de nombreuses espèces.","Il est de notre responsabilité de protéger et préserver la nature pour les générations futures, en adoptant des pratiques durables, en réduisant notre empreinte carbone et en promouvant les efforts de conservation."
2,Technology and the Future,"With advancements in artificial intelligence and machine learning, the future of technology holds the promise of personalized virtual assistants that can anticipate our needs and seamlessly integrate into our daily lives.","As we continue to explore the possibilities of renewable energy sources, the future of technology could see widespread adoption of solar-powered devices and electric vehicles, leading to a more sustainable and environmentally friendly world.","The rapid development of virtual reality and augmented reality technologies is set to revolutionize various industries, from entertainment and gaming to education and healthcare, offering immersive and interactive experiences like never before.","Con los avances en inteligencia artificial y aprendizaje automático, el futuro de la tecnología promete asistentes virtuales personalizados que pueden anticipar nuestras necesidades e integrarse sin problemas en nuestra vida diaria.","A medida que continuamos explorando las posibilidades de fuentes de energía renovable, el futuro de la tecnología podría ver una adopción generalizada de dispositivos alimentados por energía solar y vehículos eléctricos, lo que conduciría a un mundo más sostenible y respetuoso con el medio ambiente.","El rápido desarrollo de las tecnologías de realidad virtual y realidad aumentada está listo para revolucionar diversas industrias, desde el entretenimiento y los videojuegos hasta la educación y la atención médica, ofreciendo experiencias inmersivas e interactivas como nunca antes.","Avec les avancées de l'intelligence artificielle et de l'apprentissage automatique, l'avenir de la technologie promet des assistants virtuels personnalisés capables d'anticiper nos besoins et de s'intégrer parfaitement dans notre quotidien.","Alors que nous continuons à explorer les possibilités des sources d'énergie renouvelable, l'avenir de la technologie pourrait voir une adoption généralisée des appareils solaires et des véhicules électriques, conduisant à un monde plus durable et respectueux de l'environnement.","Le développement rapide des technologies de réalité virtuelle et de réalité augmentée est sur le point de révolutionner diverses industries, de divertissement et de jeux à l'éducation et aux soins de santé, offrant des expériences immersives et interactives comme jamais auparavant."
3,Identity and Self-Discovery,"Self-discovery is a lifelong journey that allows individuals to uncover their true identity, embracing their strengths, weaknesses, and unique qualities that make them who they are.","Exploring different cultures, beliefs, and experiences can play a significant role in shaping one's identity, as it opens up new perspectives and challenges preconceived notions about oneself.","The process of self-discovery often involves questioning societal norms and expectations, as individuals strive to align their true selves with the values and beliefs that resonate with them on a deeper level.","El autodescubrimiento es un viaje de toda la vida que permite a las personas descubrir su verdadera identidad, abrazando sus fortalezas, debilidades y cualidades únicas que los hacen quienes son.","Explorar diferentes culturas, creencias y experiencias puede desempeñar un papel significativo en la formación de la identidad de una persona, ya que abre nuevas perspectivas y desafía las ideas preconcebidas sobre uno mismo.","El proceso de autodescubrimiento a menudo implica cuestionar las normas y expectativas sociales, ya que los individuos se esfuerzan por alinear su verdadero yo con los valores y creencias que resuenan con ellos a un nivel más profundo.","La découverte de soi est un voyage tout au long de la vie qui permet aux individus de découvrir leur véritable identité, en embrassant leurs forces, leurs faiblesses et leurs qualités uniques qui font d'eux ce qu'ils sont.","Explorer différentes cultures, croyances et expériences peut jouer un rôle significatif dans la formation de son identité, car cela ouvre de nouvelles perspectives et remet en question les idées préconçues sur soi-même.","Le processus de découverte de soi implique souvent de remettre en question les normes et les attentes de la société, alors que les individus s'efforcent d'aligner leur véritable identité avec les valeurs et les croyances qui résonnent en eux à un niveau plus profond."
4,War and Conflict,"War and conflict have devastating consequences, causing immense loss of life, destruction of infrastructure, and displacement of communities, leaving behind a trail of suffering and trauma.","The root causes of war and conflict often stem from deep-seated grievances, such as political, ethnic, or religious tensions, which, if left unresolved, can escalate into violent confrontations.","Despite the horrors of war and conflict, history has shown that diplomacy, dialogue, and peaceful resolutions can be effective in preventing and resolving conflicts, fostering stability, and promoting long-lasting peace.","La guerra y el conflicto tienen consecuencias devastadoras, causando una inmensa pérdida de vidas, destrucción de infraestructuras y desplazamiento de comunidades, dejando a su paso un rastro de sufrimiento y trauma.","Las causas fundamentales de la guerra y el conflicto a menudo se originan en agravios arraigados, como tensiones políticas, étnicas o religiosas, que, si no se resuelven, pueden escalar en confrontaciones violentas.","A pesar de los horrores de la guerra y el conflicto, la historia ha demostrado que la diplomacia, el diálogo y las resoluciones pacíficas pueden ser efectivas para prevenir y resolver conflictos, fomentar la estabilidad y promover una paz duradera.","La guerre et les conflits ont des conséquences dévastatrices, entraînant une perte immense de vies, la destruction des infrastructures et le déplacement des communautés, laissant derrière eux une traînée de souffrance et de traumatisme.","Les causes profondes de la guerre et des conflits découlent souvent de griefs profondément enracinés, tels que des tensions politiques, ethniques ou religieuses, qui, si elles ne sont pas résolues, peuvent dégénérer en confrontations violentes.","Malgré les horreurs de la guerre et des conflits, l'histoire a montré que la diplomatie, le dialogue et les résolutions pacifiques peuvent être efficaces pour prévenir et résoudre les conflits, favoriser la stabilité et promouvoir une paix durable."
5,Dreams and Imagination,"Dreams have the power to transport us to fantastical worlds, where our imagination knows no bounds and anything is possible.","Imagination is the key that unlocks the door to our dreams, allowing us to create and envision a future that is uniquely our own.","Dreams and imagination go hand in hand, fueling each other to inspire us to reach for the stars and make the impossible become a reality.","Los sueños tienen el poder de transportarnos a mundos fantásticos, donde nuestra imaginación no tiene límites y todo es posible.","La imaginación es la llave que desbloquea la puerta a nuestros sueños, permitiéndonos crear y visualizar un futuro que es únicamente nuestro.","Los sueños y la imaginación van de la mano, alimentándose mutuamente para inspirarnos a alcanzar las estrellas y hacer que lo imposible se convierta en realidad.","Les rêves ont le pouvoir de nous transporter dans des mondes fantastiques, où notre imagination ne connaît aucune limite et tout est possible.","L'imagination est la clé qui ouvre la porte de nos rêves, nous permettant de créer et d'envisager un avenir qui nous est propre.","Les rêves et l'imagination vont de pair, se nourrissant mutuellement pour nous inspirer à atteindre les étoiles et rendre l'impossible réalité."
6,Power and Corruption,"Power can be a double-edged sword, as it has the potential to corrupt even the most virtuous individuals, leading them down a path of greed and unethical behavior.","Corruption often thrives in systems where power is concentrated in the hands of a few, as the temptation to abuse that power for personal gain becomes too great to resist.","The fight against corruption requires not only holding those in power accountable, but also creating a culture of transparency and integrity that discourages the abuse of power in the first place.","El poder puede ser una espada de doble filo, ya que tiene el potencial de corromper incluso a los individuos más virtuosos, llevándolos por un camino de codicia y comportamiento poco ético.","La corrupción a menudo prospera en sistemas donde el poder está concentrado en manos de unos pocos, ya que la tentación de abusar de ese poder para beneficio personal se vuelve demasiado grande para resistir.","La lucha contra la corrupción requiere no solo responsabilizar a quienes tienen el poder, sino también crear una cultura de transparencia e integridad que desaliente el abuso de poder en primer lugar.","Le pouvoir peut être une arme à double tranchant, car il a le potentiel de corrompre même les individus les plus vertueux, les entraînant sur le chemin de la cupidité et du comportement non éthique.","La corruption prospère souvent dans les systèmes où le pouvoir est concentré entre les mains de quelques-uns, car la tentation d'abuser de ce pouvoir pour un gain personnel devient trop grande pour résister.","La lutte contre la corruption nécessite non seulement de rendre les responsables du pouvoir comptables, mais aussi de créer une culture de transparence et d'intégrité qui décourage les abus de pouvoir dès le départ."
7,Freedom and Independence,"Freedom is the fundamental right of every individual, allowing them to express themselves, make choices, and pursue their own happiness without interference or oppression from others.","Independence is the state of self-reliance and autonomy, where individuals have the ability to govern themselves, make decisions, and take responsibility for their own actions and well-being.","The quest for freedom and independence has been a driving force throughout history, inspiring revolutions, movements, and sacrifices in the pursuit of liberty and the right to determine one's own destiny.","La libertad es el derecho fundamental de cada individuo, permitiéndoles expresarse, tomar decisiones y perseguir su propia felicidad sin interferencia u opresión de otros.","La independencia es el estado de autosuficiencia y autonomía, donde los individuos tienen la capacidad de gobernarse a sí mismos, tomar decisiones y asumir la responsabilidad de sus propias acciones y bienestar.","La búsqueda de la libertad e independencia ha sido una fuerza impulsora a lo largo de la historia, inspirando revoluciones, movimientos y sacrificios en la búsqueda de la libertad y el derecho a determinar el propio destino.","La liberté est le droit fondamental de chaque individu, qui leur permet de s'exprimer, de faire des choix et de poursuivre leur propre bonheur sans ingérence ni oppression d'autrui.","L'indépendance est l'état d'autosuffisance et d'autonomie, où les individus ont la capacité de se gouverner, de prendre des décisions et d'assumer la responsabilité de leurs propres actions et de leur bien-être.","La quête de liberté et d'indépendance a été une force motrice tout au long de l'histoire, inspirant des révolutions, des mouvements et des sacrifices dans la poursuite de la liberté et du droit de déterminer son propre destin."
8,Justice and Equality,"Justice and equality are fundamental principles that form the bedrock of a fair and inclusive society, ensuring that every individual is treated with dignity and respect, regardless of their background or circumstances.","Achieving justice and equality requires not only the removal of discriminatory barriers, but also the proactive promotion of equal opportunities and access to resources, so that everyone has a fair chance to succeed and thrive.","True justice and equality can only be achieved when systemic injustices are acknowledged and addressed, and when marginalized communities are empowered to actively participate in decision-making processes that affect their lives.","La justicia y la igualdad son principios fundamentales que forman la base de una sociedad justa e inclusiva, asegurando que cada individuo sea tratado con dignidad y respeto, independientemente de su origen o circunstancias.","Lograr justicia e igualdad requiere no solo la eliminación de barreras discriminatorias, sino también la promoción proactiva de oportunidades iguales y acceso a recursos, para que todos tengan una oportunidad justa de tener éxito y prosperar.","La verdadera justicia y equidad solo se pueden lograr cuando se reconocen y abordan las injusticias sistémicas, y cuando las comunidades marginadas tienen el poder de participar activamente en los procesos de toma de decisiones que afectan sus vidas.","La justice et l'égalité sont des principes fondamentaux qui constituent le socle d'une société juste et inclusive, garantissant que chaque individu soit traité avec dignité et respect, indépendamment de son origine ou de sa situation.","Atteindre la justice et l'égalité nécessite non seulement l'élimination des barrières discriminatoires, mais aussi la promotion proactive de l'égalité des chances et de l'accès aux ressources, afin que chacun ait une chance équitable de réussir et de s'épanouir.","La vraie justice et l'égalité ne peuvent être atteintes que lorsque les injustices systémiques sont reconnues et traitées, et lorsque les communautés marginalisées sont habilitées à participer activement aux processus de prise de décision qui affectent leur vie."
9,Loss and Grief,"The pain of loss and grief can be overwhelming, leaving a deep void in one's heart that seems impossible to fill.","Grief is a complex and individual experience, with no right or wrong way to navigate through it. Each person's journey is unique and should be respected.","While time may heal some wounds, the loss of a loved one can leave a lasting impact, forever changing the way we view the world and our place in it.","El dolor de la pérdida y el duelo pueden ser abrumadores, dejando un vacío profundo en el corazón de alguien que parece imposible de llenar.","El duelo es una experiencia compleja e individual, sin una forma correcta o incorrecta de atravesarlo. El viaje de cada persona es único y debe ser respetado.","Si bien el tiempo puede sanar algunas heridas, la pérdida de un ser querido puede dejar un impacto duradero, cambiando para siempre la forma en que vemos el mundo y nuestro lugar en él.","La douleur de la perte et du chagrin peut être accablante, laissant un vide profond dans le cœur de quelqu'un qui semble impossible à combler.","Le deuil est une expérience complexe et individuelle, sans bonne ou mauvaise façon de le traverser. Le parcours de chaque personne est unique et doit être respecté.","Bien que le temps puisse guérir certaines blessures, la perte d'un être cher peut laisser une empreinte durable, changeant à jamais notre façon de voir le monde et notre place en son sein."
10,Adventure and Exploration,"Embarking on an adventure allows us to break free from our comfort zones and discover the unknown, igniting a sense of curiosity and excitement within us.","Exploration is the key to unlocking the hidden treasures of the world, whether it be exploring uncharted territories or delving into the depths of our own minds.","Adventure and exploration go hand in hand, as they provide us with the opportunity to create unforgettable memories, learn valuable life lessons, and broaden our perspectives.","Embarcarse en una aventura nos permite liberarnos de nuestras zonas de confort y descubrir lo desconocido, encendiendo en nosotros una sensación de curiosidad y emoción.","La exploración es la clave para desbloquear los tesoros ocultos del mundo, ya sea explorando territorios inexplorados o adentrándonos en las profundidades de nuestra propia mente.","La aventura y la exploración van de la mano, ya que nos brindan la oportunidad de crear recuerdos inolvidables, aprender valiosas lecciones de vida y ampliar nuestras perspectivas.","Se lancer dans une aventure nous permet de sortir de notre zone de confort et de découvrir l'inconnu, en éveillant en nous un sentiment de curiosité et d'excitation.","L'exploration est la clé pour déverrouiller les trésors cachés du monde, que ce soit en explorant des territoires inconnus ou en plongeant dans les profondeurs de notre propre esprit.","L'aventure et l'exploration vont de pair, car elles nous offrent l'opportunité de créer des souvenirs inoubliables, d'apprendre des leçons de vie précieuses et d'élargir nos horizons."
11,Hope and Resilience,"Hope is the guiding light that keeps us going, even in the darkest of times. It is the belief that tomorrow will be better, and the strength to keep pushing forward despite the challenges we face.","Resilience is the ability to bounce back from adversity, to rise above the obstacles that life throws our way. It is the inner strength that allows us to keep going, even when everything seems to be falling apart.","Hope and resilience go hand in hand, like two sides of the same coin. They are the fuel that keeps us going, the unwavering belief that no matter what happens, we have the power to overcome and thrive.","La esperanza es la luz guía que nos mantiene en marcha, incluso en los momentos más oscuros. Es la creencia de que mañana será mejor y la fuerza para seguir adelante a pesar de los desafíos que enfrentamos.","La resiliencia es la capacidad de recuperarse de la adversidad, de superar los obstáculos que la vida nos presenta. Es la fuerza interior que nos permite seguir adelante, incluso cuando todo parece estar desmoronándose.","La esperanza y la resiliencia van de la mano, como dos caras de la misma moneda. Son el combustible que nos mantiene en marcha, la creencia inquebrantable de que sin importar lo que suceda, tenemos el poder de superar y prosperar.","L'espoir est la lumière qui nous guide et nous permet d'avancer, même dans les moments les plus sombres. C'est la croyance que demain sera meilleur et la force de continuer à avancer malgré les défis auxquels nous sommes confrontés.","La résilience est la capacité de rebondir face à l'adversité, de surmonter les obstacles que la vie met sur notre chemin. C'est la force intérieure qui nous permet de continuer, même lorsque tout semble s'effondrer.","L'espoir et la résilience vont de pair, comme les deux faces d'une même pièce. Ils sont le carburant qui nous permet d'avancer, la conviction inébranlable que peu importe ce qui se passe, nous avons le pouvoir de surmonter et de prospérer."
12,Family and Heritage,"Family is the foundation of our lives, providing us with love, support, and a sense of belonging that transcends time and distance.","Our heritage is a tapestry woven with the threads of our ancestors' traditions, customs, and values, reminding us of our roots and shaping our identity.","Through the stories passed down from generation to generation, we gain a deeper understanding of our family's history and the resilience and strength that runs in our blood.","La familia es la base de nuestras vidas, brindándonos amor, apoyo y un sentido de pertenencia que trasciende el tiempo y la distancia.","Nuestro patrimonio es un tapiz tejido con los hilos de las tradiciones, costumbres y valores de nuestros antepasados, recordándonos nuestras raíces y moldeando nuestra identidad.","A través de las historias transmitidas de generación en generación, obtenemos una comprensión más profunda de la historia de nuestra familia y la resiliencia y fortaleza que corre por nuestras venas.","La famille est le fondement de nos vies, nous offrant amour, soutien et un sentiment d'appartenance qui transcende le temps et la distance.","Notre patrimoine est une tapisserie tissée avec les fils des traditions, coutumes et valeurs de nos ancêtres, nous rappelant nos racines et façonnant notre identité.","À travers les histoires transmises de génération en génération, nous acquérons une compréhension plus profonde de l'histoire de notre famille et de la résilience et de la force qui coulent dans nos veines."
13,Art and Creativity,"Art is a powerful form of self-expression that allows individuals to communicate their thoughts, emotions, and perspectives in unique and captivating ways.","Creativity knows no bounds, as it can be found in various forms of art, such as painting, sculpture, music, dance, and even culinary arts.","The beauty of art lies in its ability to inspire and provoke thought, encouraging viewers to see the world through a different lens and appreciate the limitless possibilities of human imagination.","El arte es una poderosa forma de autoexpresión que permite a las personas comunicar sus pensamientos, emociones y perspectivas de manera única y cautivadora.","La creatividad no conoce límites, ya que se puede encontrar en diversas formas de arte, como la pintura, la escultura, la música, la danza e incluso las artes culinarias.","La belleza del arte radica en su capacidad para inspirar y provocar pensamiento, alentando a los espectadores a ver el mundo a través de una lente diferente y apreciar las infinitas posibilidades de la imaginación humana.","L'art est une forme puissante d'expression de soi qui permet aux individus de communiquer leurs pensées, émotions et perspectives de manière unique et captivante.","La créativité ne connaît pas de limites, car elle peut être trouvée dans diverses formes d'art, telles que la peinture, la sculpture, la musique, la danse et même les arts culinaires.","La beauté de l'art réside dans sa capacité à inspirer et à susciter la réflexion, encourageant les spectateurs à voir le monde à travers un regard différent et à apprécier les possibilités illimitées de l'imagination humaine."
14,Education and Learning,"Education is the key to unlocking one's full potential and achieving personal and professional success. It provides individuals with the knowledge, skills, and tools necessary to navigate the complexities of the world and make informed decisions.","Learning is a lifelong process that extends beyond the confines of a classroom. It is a continuous journey of acquiring new knowledge, adapting to change, and embracing personal growth.","The power of education lies in its ability to empower individuals, bridge societal gaps, and foster a more inclusive and equitable society. It is through education that we can break down barriers, challenge stereotypes, and create a brighter future for all.","La educación es la clave para desbloquear todo el potencial de una persona y lograr el éxito personal y profesional. Proporciona a los individuos el conocimiento, las habilidades y las herramientas necesarias para navegar por las complejidades del mundo y tomar decisiones informadas.","Aprender es un proceso de por vida que se extiende más allá de los límites de un aula. Es un viaje continuo de adquirir nuevos conocimientos, adaptarse al cambio y abrazar el crecimiento personal.","El poder de la educación radica en su capacidad para empoderar a las personas, cerrar brechas sociales y fomentar una sociedad más inclusiva y equitativa. Es a través de la educación que podemos derribar barreras, desafiar estereotipos y crear un futuro más brillante para todos.","L'éducation est la clé pour libérer tout son potentiel et atteindre le succès personnel et professionnel. Elle offre aux individus les connaissances, les compétences et les outils nécessaires pour naviguer dans les complexités du monde et prendre des décisions éclairées.","Apprendre est un processus continu qui va au-delà des limites d'une salle de classe. C'est un voyage constant d'acquisition de nouvelles connaissances, d'adaptation au changement et d'acceptation de la croissance personnelle.","Le pouvoir de l'éducation réside dans sa capacité à autonomiser les individus, à combler les écarts sociaux et à favoriser une société plus inclusive et équitable. C'est grâce à l'éducation que nous pouvons briser les barrières, remettre en question les stéréotypes et créer un avenir plus prometteur pour tous."
15,Health and Wellness,Regular exercise and a balanced diet are key components of maintaining good health and wellness.,"Adequate sleep is essential for both physical and mental well-being, as it allows the body to repair and recharge.","Taking time for self-care activities, such as meditation or engaging in hobbies, can greatly improve overall health and wellness by reducing stress and promoting relaxation.",El ejercicio regular y una dieta equilibrada son componentes clave para mantener una buena salud y bienestar.,"Un sueño adecuado es esencial tanto para el bienestar físico como mental, ya que permite que el cuerpo se repare y recargue.","Tomarse tiempo para actividades de autocuidado, como la meditación o participar en hobbies, puede mejorar en gran medida la salud y el bienestar general al reducir el estrés y promover la relajación.",L'exercice régulier et une alimentation équilibrée sont des éléments clés pour maintenir une bonne santé et bien-être.,"Un sommeil adéquat est essentiel tant pour le bien-être physique que mental, car il permet au corps de se réparer et de se recharger.","Prendre du temps pour des activités d'auto-soin, telles que la méditation ou s'adonner à des hobbies, peut grandement améliorer la santé et le bien-être général en réduisant le stress et en favorisant la détente."
16,Social Media and Communication,"Social media has revolutionized communication by allowing people from all over the world to connect and interact with each other instantly, breaking down barriers of distance and time.","The rise of social media platforms has also given individuals a powerful voice, enabling them to share their thoughts, opinions, and experiences with a global audience, fostering a sense of community and collective understanding.","However, the overreliance on social media for communication has also led to concerns about privacy, cyberbullying, and the spread of misinformation, highlighting the need for responsible and mindful use of these platforms.","Las redes sociales han revolucionado la comunicación al permitir que personas de todo el mundo se conecten e interactúen entre sí al instante, derribando barreras de distancia y tiempo.","El surgimiento de las plataformas de redes sociales también ha dado a las personas una voz poderosa, permitiéndoles compartir sus pensamientos, opiniones y experiencias con una audiencia global, fomentando un sentido de comunidad y comprensión colectiva.","Sin embargo, la dependencia excesiva de las redes sociales para la comunicación también ha generado preocupaciones sobre la privacidad, el ciberacoso y la difusión de información errónea, lo que resalta la necesidad de un uso responsable y consciente de estas plataformas.","Les médias sociaux ont révolutionné la communication en permettant aux personnes du monde entier de se connecter et d'interagir instantanément les unes avec les autres, en brisant les barrières de la distance et du temps.","La montée des plateformes de médias sociaux a également donné aux individus une voix puissante, leur permettant de partager leurs pensées, opinions et expériences avec un public mondial, favorisant ainsi un sentiment de communauté et de compréhension collective.","Cependant, la dépendance excessive aux médias sociaux pour la communication a également suscité des préoccupations concernant la vie privée, le cyberharcèlement et la propagation de désinformation, soulignant ainsi la nécessité d'une utilisation responsable et réfléchie de ces plateformes."
17,Time and Aging,"Time is an unstoppable force that gradually transforms youth into wisdom, as the passage of years etches lines of experience upon our faces and grays our once vibrant hair.","Aging is a reminder that time waits for no one, as each passing year brings us closer to the inevitable end, urging us to make the most of the precious moments we have.","The concept of time becomes more elusive as we age, with days blending into weeks and years passing by in a blink of an eye, leaving us to ponder the fleeting nature of our existence.","El tiempo es una fuerza imparable que transforma gradualmente la juventud en sabiduría, a medida que el paso de los años graba líneas de experiencia en nuestros rostros y vuelve grises nuestros cabellos una vez vibrantes.","El envejecimiento es un recordatorio de que el tiempo no espera a nadie, ya que cada año que pasa nos acerca al inevitable final, instándonos a aprovechar al máximo los preciosos momentos que tenemos.","El concepto del tiempo se vuelve más esquivo a medida que envejecemos, con los días mezclándose con las semanas y los años pasando en un abrir y cerrar de ojos, dejándonos reflexionar sobre la naturaleza fugaz de nuestra existencia.","Le temps est une force irrésistible qui transforme progressivement la jeunesse en sagesse, tandis que le passage des années grave des lignes d'expérience sur nos visages et grisonne nos cheveux autrefois vibrants.","Vieillir est un rappel que le temps n'attend personne, car chaque année qui passe nous rapproche de la fin inévitable, nous incitant à profiter au maximum des précieux moments que nous avons.","Le concept du temps devient de plus en plus insaisissable à mesure que nous vieillissons, les jours se confondent avec les semaines et les années passent en un clin d'œil, nous laissant méditer sur la nature éphémère de notre existence."
18,Dreams and Nightmares,"Dreams can be a source of inspiration and motivation, often revealing our deepest desires and aspirations, guiding us towards a fulfilling life.","Nightmares, on the other hand, can be unsettling and terrifying experiences that leave us feeling anxious and disturbed, sometimes reflecting our fears and unresolved issues.","Exploring the symbolism and meaning behind our dreams and nightmares can provide valuable insights into our subconscious mind, helping us to better understand ourselves and navigate through life's challenges.","Los sueños pueden ser una fuente de inspiración y motivación, a menudo revelando nuestros deseos y aspiraciones más profundos, guiándonos hacia una vida plena.","Las pesadillas, por otro lado, pueden ser experiencias inquietantes y aterradoras que nos dejan sintiéndonos ansiosos y perturbados, a veces reflejando nuestros miedos y problemas no resueltos.","Explorar el simbolismo y el significado detrás de nuestros sueños y pesadillas puede brindar valiosas perspectivas sobre nuestra mente subconsciente, ayudándonos a comprendernos mejor y a navegar por los desafíos de la vida.","Les rêves peuvent être une source d'inspiration et de motivation, révélant souvent nos désirs et aspirations les plus profonds, nous guidant vers une vie épanouissante.","Les cauchemars, en revanche, peuvent être des expériences perturbantes et terrifiantes qui nous laissent anxieux et troublés, reflétant parfois nos peurs et nos problèmes non résolus.","Explorer le symbolisme et la signification derrière nos rêves et cauchemars peut fournir des aperçus précieux de notre esprit subconscient, nous aidant à mieux nous comprendre et à naviguer à travers les défis de la vie."
19,Mythology and Folklore,"In Greek mythology, the god Zeus is known as the ruler of the gods and the sky, often depicted with a thunderbolt in his hand.","According to Norse folklore, the Valkyries were female warriors who chose which fallen warriors would be taken to Valhalla, the great hall of the slain.","In Japanese mythology, the Kitsune is a mythical creature that takes the form of a fox and possesses magical abilities, often associated with mischief and trickery.","En la mitología griega, el dios Zeus es conocido como el gobernante de los dioses y el cielo, a menudo representado con un rayo en su mano.","Según la mitología nórdica, las Valkirias eran guerreras femeninas que elegían a qué guerreros caídos llevarían a Valhalla, el gran salón de los muertos.","En la mitología japonesa, el Kitsune es una criatura mítica que toma la forma de un zorro y posee habilidades mágicas, a menudo asociadas con travesuras y engaños.","Dans la mythologie grecque, le dieu Zeus est connu comme le souverain des dieux et du ciel, souvent représenté avec un éclair dans sa main.","Selon la mythologie nordique, les Valkyries étaient des guerrières féminines qui choisissaient quels guerriers tombés seraient emmenés à Valhalla, la grande salle des morts.","Dans la mythologie japonaise, le Kitsune est une créature mythique qui prend la forme d'un renard et possède des pouvoirs magiques, souvent associés à la malice et à la tromperie."
